Year,Pick,Name,Pos,Tm,Overall,"Std.
Dev",High,Low
2010,1.01,Chris Johnson,RB,TEN,1.4,1.3,1.01,2.12
2010,1.02,Adrian Peterson,RB,MIN,2.3,1.3,1.01,2.11
2010,1.03,Ray Rice,RB,BAL,3.2,1.5,1.01,2.1
2010,1.05,Maurice Jones-Drew,RB,JAX,4.7,1.5,1.01,2.09
2010,1.05,Andre Johnson,WR,HOU,4.8,2.6,1.01,5.01
2010,1.06,Frank Gore,RB,SF,6.2,1.5,1.04,2.08
2010,1.08,Aaron Rodgers,QB,GB,7.8,2.6,1.01,2.05
2010,1.08,Randy Moss,WR,TEN,8.1,2.9,1.02,5.02
2010,1.09,Michael Turner,RB,ATL,9.1,2.1,1.03,2.06
2010,1.11,Reggie Wayne,WR,IND,11.2,3.2,1.05,5.03
2010,1.11,Steven Jackson,RB,LAR,11.3,2.8,1.05,2.09
2010,1.12,Calvin Johnson,WR,DET,12.3,3.4,1.04,5.06
2010,2.01,Drew Brees,QB,NO,13.2,3.8,1.02,2.12
2010,2.02,Miles Austin,WR,DAL,13.9,3.5,1.06,5.04
2010,2.03,Roddy White,WR,ATL,14.8,3.4,1.01,5.07
2010,2.03,Ryan Mathews,RB,LAC,15.4,3.6,1.06,3.06
2010,2.05,Brandon Marshall,WR,MIA,17.3,3.7,1.03,5.05
2010,2.07,Larry Fitzgerald,WR,ARI,19,3.6,1.1,5.08
2010,2.07,Rashard Mendenhall,RB,PIT,19.2,4.6,1.06,3.08
2010,2.08,Greg Jennings,WR,GB,20.4,3.7,1.11,5.11
2010,2.09,Peyton Manning,QB,IND,20.6,4.4,1.02,3.1
2010,2.1,DeAngelo Williams,RB,CAR,22.3,5,1.08,3.1
2010,3.01,DeSean Jackson,WR,PHI,24.7,4.4,2.04,6.05
2010,3.01,Jamaal Charles,RB,KC,24.9,6.1,1.1,4.06
2010,3.02,Marques Colston,WR,NO,25.7,4.1,2.05,5.1
2010,3.03,Shonn Greene,RB,NYJ,26.8,5.6,1.09,4.01
2010,3.03,Tom Brady,QB,NE,26.9,6.1,1.03,4.08
2010,3.03,Wes Welker,WR,NE,27.4,4.6,1.06,5.09
2010,3.05,Ryan Grant,RB,GB,29.4,5,2.01,4.06
2010,3.07,Anquan Boldin,WR,BAL,30.8,5.3,1.06,6.06
2010,3.08,Steve Smith,WR,NYG,32.1,5.7,2.03,5.12
2010,3.08,Pierre Thomas,RB,NO,32.1,4.5,2.05,4.09
2010,3.09,Cedric Benson,RB,CIN,33,5.2,2.06,4.12
2010,3.11,Matt Schaub,QB,HOU,35.1,7.4,1.05,5.07
2010,3.11,LeSean McCoy,RB,PHI,35.3,4.8,2.08,4.12
2010,3.12,Jahvid Best,RB,DET,36,6.1,2.05,5.04
2010,3.12,Steve Smith,WR,CAR,36,5.7,2.08,6.01
2010,3.12,Tony Romo,QB,DAL,36.3,7.3,1.06,5.09
2010,4.02,Arian Foster,RB,HOU,38.2,6.5,2.01,5.09
2010,4.03,Dallas Clark,TE,IND,38.9,7.3,2.04,8.01
2010,4.06,Antonio Gates,TE,LAC,42.2,5.6,2.12,8.02
2010,4.06,Michael Crabtree,WR,SF,42.5,6.5,3.02,6.12
2010,4.07,Jermichael Finley,TE,GB,42.6,6.1,2.03,8.03
2010,4.07,Matt Forte,RB,CHI,43.3,5.9,3.03,6.07
2010,4.1,Chad Johnson,WR,CIN,46,6.5,3.02,7.04
2010,4.1,Joseph Addai,RB,IND,46.2,7.8,3.02,6.07
2010,4.11,Dwayne Bowe,WR,KC,46.8,6.4,3.04,6.09
2010,4.12,Philip Rivers,QB,LAC,47.9,8,1.07,7.02
2010,5.03,Beanie Wells,RB,ARI,50.6,9.2,3.01,11.02
2010,5.04,Vernon Davis,TE,SF,52.1,6.9,4.01,8.04
2010,5.05,Jonathan Stewart,RB,CAR,53,6.8,3.01,6.11
2010,5.06,Hakeem Nicks,WR,NYG,54.1,7.7,3.07,7.08
2010,5.06,Knowshon Moreno,RB,DEN,54.4,7,3.04,7.05
2010,5.07,Ronnie Brown,RB,MIA,54.6,7.6,3.03,7.04
2010,5.07,Jason Witten,TE,DAL,55,6.2,4.06,8.05
2010,5.08,Mike Sims-Walker,WR,JAX,56,7.6,3.08,7.01
2010,5.08,C.J. Spiller,RB,None,56.4,8.2,3.02,7.03
2010,5.09,Percy Harvin,WR,MIN,56.8,8.5,3.01,7.11
2010,5.09,Hines Ward,WR,PIT,56.8,8.1,3.01,7.04
2010,5.11,Pierre Garcon,WR,IND,58.8,8.5,3.03,7.12
2010,6.02,Brent Celek,TE,PHI,61.9,7.7,4.01,8.07
2010,6.03,Reggie Bush,RB,NO,62.9,7.7,4.01,9.01
2010,6.03,Malcom Floyd,WR,LAC,63.1,8.5,4.06,8.09
2010,6.04,Ahmad Bradshaw,RB,NYG,63.8,8.2,4.01,8.07
2010,6.05,Felix Jones,RB,DAL,65.4,8.2,3.04,7.11
2010,6.06,Joe Flacco,QB,BAL,66.3,11,1.08,9.04
2010,6.07,Donald Driver,WR,GB,66.7,8.1,4.09,8.04
2010,6.07,Kevin Kolb,QB,PHI,67.3,13,1.11,9.03
2010,6.09,Tony Gonzalez,TE,ATL,68.5,8.5,5.01,8.12
2010,6.1,Justin Forsett,RB,SEA,70.1,10.2,3.01,9.03
2010,6.1,Jeremy Maclin,WR,PHI,70.5,8.2,4.12,8.07
2010,6.12,Santana Moss,WR,WAS,71.6,9,3.01,8.11
2010,6.12,Terrell Owens,WR,CIN,72.3,8.3,4.1,8.09
2010,7.01,Johnny Knox,WR,CHI,72.6,8.2,4.07,8.12
2010,7.01,Mike Wallace,WR,PIT,73.2,7.9,5.01,9.02
2010,7.02,Jerome Harrison,RB,PHI,74.3,9.8,4.02,9.09
2010,7.04,Marion Barber,RB,DAL,75.6,8.9,4.01,9.01
2010,7.09,Jay Cutler,QB,CHI,80.5,12.3,1.12,10.01
2010,7.09,Ricky Williams,RB,MIA,80.8,9.1,4.01,9.1
2010,7.09,Owen Daniels,TE,HOU,81.4,12.2,5.1,12.12
2010,7.12,Dez Bryant,WR,DAL,83.5,8.5,5.01,10.01
2010,7.12,Carnell Williams,RB,TB,83.7,8.9,4.07,10.09
2010,8.01,Brandon Jacobs,RB,NYG,84.5,10.4,4.03,10.11
2010,8.01,Clinton Portis,RB,WAS,85.1,9.3,4.06,10.01
2010,8.01,T.J. Houshmandzadeh,WR,BAL,85.2,11.2,5.1,10.1
2010,8.02,Michael Bush,RB,OAK,85.6,9.6,4.02,9.11
2010,8.03,Santonio Holmes,WR,NYJ,87.3,9.1,5.06,10.06
2010,8.04,Brett Favre,QB,MIN,88,15.2,1.09,11.01
2010,8.06,NY Jets Defense,DEF,NYJ,90.4,9.2,5.05,10.04
2010,8.08,Robert Meachem,WR,NO,91.8,10.6,5.02,10.1
2010,8.08,Chris Cooley,TE,WAS,91.9,15.2,5.1,12.11
2010,8.08,Matt Ryan,QB,ATL,92,14.2,3.01,11.08
2010,8.09,LaDainian Tomlinson,RB,NYJ,93,10.9,5.02,11.01
2010,8.1,Devin Aromashodu,WR,CHI,93.8,10.8,5.05,11.01
2010,8.11,Eli Manning,QB,NYG,94.8,14,1.1,11.04
2010,8.11,Thomas Jones,RB,KC,95.2,10.6,6.01,11.04
2010,8.11,Derrick Mason,WR,BAL,95.4,11,6.12,11.08
2010,9.02,Steve Breaston,WR,ARI,97.6,12.8,6.03,12.09
2010,9.02,Braylon Edwards,WR,NYJ,97.9,11.3,7.04,11.02
2011,1.02,Adrian Peterson,RB,MIN,1.7,1.1,1.01,1.1
2011,1.02,Ray Rice,RB,BAL,2.3,1.4,1.01,1.12
2011,1.03,Chris Johnson,RB,TEN,2.7,1.1,1.01,1.06
2011,1.04,Arian Foster,RB,HOU,4.2,1.3,1.01,1.08
2011,1.05,Jamaal Charles,RB,KC,5.3,1.4,1.01,1.09
2011,1.05,LeSean McCoy,RB,PHI,5.5,1.5,1.01,1.11
2011,1.07,Andre Johnson,WR,HOU,7.1,2,1.02,1.12
2011,1.09,Michael Vick,QB,PHI,8.9,3.9,1.01,2.07
2011,1.1,Roddy White,WR,ATL,9.9,2.1,1.07,2.06
2011,1.11,Calvin Johnson,WR,DET,11,2.5,1.04,2.08
2011,1.11,Maurice Jones-Drew,RB,JAX,11.3,2.6,1.05,2.07
2011,1.12,Darren McFadden,RB,OAK,12.1,3,1.05,2.08
2011,1.12,Rashard Mendenhall,RB,PIT,12.1,3.2,1.04,2.08
2011,2.01,Larry Fitzgerald,WR,ARI,12.9,2.6,1.01,2.08
2011,2.02,Aaron Rodgers,QB,GB,13.5,5,1.01,2.11
2011,2.05,Hakeem Nicks,WR,NYG,17,3.2,1.01,3.01
2011,2.06,Vincent Jackson,WR,LAC,17.6,2.9,1.12,3.02
2011,2.06,Frank Gore,RB,SF,18.4,4,1.07,3.06
2011,2.06,Matt Forte,RB,CHI,18.4,3.1,1.11,3.02
2011,2.09,Greg Jennings,WR,GB,21.2,3.2,2.01,3.08
2011,2.09,Steven Jackson,RB,LAR,21.2,3.7,2.01,3.07
2011,2.1,Michael Turner,RB,ATL,22.3,4.4,1.02,3.07
2011,2.11,Mike Wallace,WR,PIT,23.4,3.6,2.01,3.07
2011,2.12,Tom Brady,QB,NE,23.5,5.1,1.1,3.12
2011,3.02,Miles Austin,WR,DAL,25.7,3.8,2.04,3.11
2011,3.02,Peyton Hillis,RB,CLE,26.2,5.2,1.07,4.04
2011,3.03,Philip Rivers,QB,LAC,27.1,5.8,1.09,4.06
2011,3.04,Reggie Wayne,WR,IND,28.3,4.5,2.04,4.02
2011,3.04,Felix Jones,RB,DAL,28.3,4.6,2.01,4.06
2011,3.07,LeGarrette Blount,RB,TB,30.8,4.3,2.06,4.05
2011,3.07,DeSean Jackson,WR,PHI,31.1,4.9,2.09,4.1
2011,3.08,Wes Welker,WR,NE,32.3,5.4,2.09,4.11
2011,3.09,Drew Brees,QB,NO,33.5,6.7,2.03,5.02
2011,3.1,Jahvid Best,RB,DET,33.7,5.5,2.04,5.03
2011,3.1,Brandon Marshall,WR,MIA,34.1,5.5,2.03,4.12
2011,3.1,Ahmad Bradshaw,RB,NYG,34.4,4.6,2.09,5.02
2011,4.02,Antonio Gates,TE,LAC,37.9,6.4,2.03,5.07
2011,4.03,Dwayne Bowe,WR,KC,38.8,5.9,1.11,5.04
2011,4.03,Shonn Greene,RB,NYJ,39.4,6,2.08,5.08
2011,4.04,Dez Bryant,WR,DAL,39.8,5.6,3.01,5.06
2011,4.06,Mike Williams,WR,TB,42.1,4.8,2.12,5.08
2011,4.07,Jermichael Finley,TE,GB,42.9,4.6,3.09,5.08
2011,4.08,DeAngelo Williams,RB,CAR,43.9,6.6,3.02,6.01
2011,4.09,Jason Witten,TE,DAL,45.5,6.3,3.06,6.02
2011,4.1,Brandon Lloyd,WR,LAR,46.3,6.5,3.01,6.11
2011,4.11,Knowshon Moreno,RB,DEN,46.6,7.9,2.11,6.05
2011,4.12,Tony Romo,QB,DAL,47.6,10.8,1.02,6.1
2011,4.12,Steve Johnson,WR,None,47.9,5.7,3.12,6.01
2011,5.01,Mark Ingram,RB,NO,48.7,7.4,3.03,6.06
2011,5.01,Santonio Holmes,WR,NYJ,49.5,6,3.02,6.09
2011,5.04,Ryan Mathews,RB,LAC,52.1,8.7,3.07,8.01
2011,5.04,Marques Colston,WR,NO,52.2,6.8,3.11,6.09
2011,5.05,Anquan Boldin,WR,BAL,52.8,6.5,4.03,7.01
2011,5.05,Tim Hightower,RB,WAS,53.5,8.3,3.02,7.02
2011,5.06,Dallas Clark,TE,IND,54.2,7.1,4.04,6.07
2011,5.06,Mario Manningham,WR,NYG,54.3,6.6,4.04,6.1
2011,5.09,Beanie Wells,RB,ARI,56.8,7.9,3.12,7.06
2011,5.09,Vernon Davis,TE,SF,57,6.3,4.06,7.01
2011,5.12,Percy Harvin,WR,MIN,59.7,7.3,4.08,7.07
2011,6.02,Ryan Grant,RB,GB,62.1,7.8,4.02,7.05
2011,6.02,Jeremy Maclin,WR,PHI,62.4,7.8,4.03,7.09
2011,6.02,Matt Schaub,QB,HOU,62.4,10.7,2.01,8.03
2011,6.03,Chad Johnson,WR,NE,62.9,7.4,4.05,7.08
2011,6.05,Owen Daniels,TE,HOU,64.5,6.8,4.1,7.1
2011,6.05,Jimmy Graham,TE,NO,64.8,7,5.02,7.11
2011,6.05,Kenny Britt,WR,TEN,64.9,7.9,4.09,7.09
2011,6.06,Reggie Bush,RB,MIA,66.4,8.4,3.09,8.01
2011,6.07,Cedric Benson,RB,CIN,66.9,8.4,4.03,8.01
2011,6.07,Matt Ryan,QB,ATL,67,10.4,4.02,8.08
2011,6.1,Ben Roethlisberger,QB,PIT,69.7,9,3.07,8.05
2011,6.1,Peyton Manning,QB,IND,69.7,17.2,1.01,8.09
2011,6.11,Fred Jackson,RB,None,71.4,8.3,4.12,8.01
2011,6.12,Danny Amendola,WR,LAR,71.7,9,5.02,9.1
2011,7.01,BenJarvus Green-Ellis,RB,NE,73.5,9.5,4.06,9.05
2011,7.01,Julio Jones,WR,ATL,73.5,8.9,3.03,8.12
2011,7.04,Santana Moss,WR,WAS,75.8,7.9,5.01,9.02
2011,7.05,Joseph Addai,RB,IND,77.4,9,5.04,8.09
2011,7.06,Austin Collie,WR,IND,78.1,11,4.07,9.09
2011,7.06,Marshawn Lynch,RB,SEA,78.5,8.5,4.03,9.04
2011,7.07,Matthew Stafford,QB,DET,79.1,11.4,1.01,9.1
2011,7.07,Mike Tolbert,RB,LAC,79.4,7.4,5.11,8.09
2011,7.11,Tony Gonzalez,TE,ATL,82.6,13.8,5.07,10.07
2011,7.12,Plaxico Burress,WR,NYJ,83.6,8.4,6.02,9.08
2011,8.02,Mike Thomas,WR,JAX,85.5,7,7.02,10.01
2011,8.03,Daniel Thomas,RB,MIA,87.2,9.4,6.03,10.04
2011,8.04,Sidney Rice,WR,SEA,88.1,13,5.01,11.11
2011,8.04,Pittsburgh Defense,DEF,PIT,88.3,7.4,6.03,10.03
2011,8.05,Kellen Winslow,TE,TB,89.3,16.5,6.07,12.07
2011,8.06,Malcom Floyd,WR,LAC,89.9,11.1,6.03,10.03
2011,8.06,James Starks,RB,GB,90.1,8.1,7.04,10.04
2011,8.07,Brandon Jacobs,RB,NYG,90.5,7.9,6.04,10.01
2011,8.08,Josh Freeman,QB,TB,92.3,11.2,6.09,10.1
2011,8.09,Lance Moore,WR,NO,92.9,9.2,6.04,10.05
2011,8.09,Pierre Garcon,WR,IND,93.5,13.5,5.1,11.02
2011,8.1,Mike Sims-Walker,WR,FA,93.9,10.1,6.04,10.09
2011,8.11,Green Bay Defense,DEF,GB,94.5,7,7.01,9.09
2011,8.12,Jonathan Stewart,RB,CAR,96.1,9.8,7.01,11.03
2011,9.01,A.J. Green,WR,CIN,96.7,11.5,6.08,11.03
2011,9.02,Pierre Thomas,RB,NO,98.5,9.8,7.03,10.11
2011,9.03,Philadelphia Defense,DEF,PHI,98.8,7.9,7.05,11.05
2012,1.01,Arian Foster,RB,HOU,1.4,0.6,1.01,1.03
2012,1.02,Ray Rice,RB,BAL,1.9,0.9,1.01,1.04
2012,1.03,Aaron Rodgers,QB,GB,3.4,1.9,1.01,1.08
2012,1.05,Calvin Johnson,WR,DET,4.8,1.4,1.01,1.08
2012,1.05,LeSean McCoy,RB,PHI,4.8,1.7,1.02,1.09
2012,1.06,Tom Brady,QB,NE,6.1,1.8,1.02,1.1
2012,1.06,Darren McFadden,RB,OAK,6.4,1.6,1.04,1.1
2012,1.08,Chris Johnson,RB,TEN,8.1,1.8,1.04,1.12
2012,1.1,Matt Forte,RB,CHI,10.2,2.3,1.04,2.04
2012,1.11,DeMarco Murray,RB,DAL,11.2,2,1.06,2.03
2012,1.12,Drew Brees,QB,NO,12.3,4.3,1.03,2.11
2012,2.02,Julio Jones,WR,ATL,14.3,2.8,1.08,2.1
2012,2.02,Maurice Jones-Drew,RB,JAX,14.4,3.8,1.04,3.04
2012,2.04,Jamaal Charles,RB,KC,16.1,2.9,1.11,2.11
2012,2.05,Rob Gronkowski,TE,NE,16.5,3.7,1.1,3.05
2012,2.07,Fred Jackson,RB,None,18.6,2.6,1.12,3.01
2012,2.08,Ryan Mathews,RB,LAC,19.9,3.6,2.01,3.05
2012,2.09,Larry Fitzgerald,WR,ARI,20.8,3.6,2.01,3.04
2012,2.09,Steven Jackson,RB,ATL,21.1,4.2,2.01,3.06
2012,2.1,Brandon Marshall,WR,CHI,22.3,4.5,2.01,3.06
2012,2.11,Matthew Stafford,QB,DET,22.7,5,1.11,3.12
2012,2.11,Doug Martin,RB,TB,22.9,3.5,2.01,3.06
2012,3.01,Darren Sproles,RB,NO,24.5,5.1,2.01,3.12
2012,3.02,Trent Richardson,RB,CLE,26.1,4.3,2.01,3.1
2012,3.02,A.J. Green,WR,CIN,26.2,4.6,2.01,3.11
2012,3.03,Cam Newton,QB,CAR,27,6,1.12,4.04
2012,3.03,Andre Johnson,WR,HOU,27.1,5.5,1.03,4.01
2012,3.06,Roddy White,WR,ATL,30.2,5.1,2.02,4.05
2012,3.07,Greg Jennings,WR,MIN,30.8,3.7,3.01,4.02
2012,3.08,Wes Welker,WR,DEN,31.8,6.8,2.01,4.08
2012,3.1,Victor Cruz,WR,NYG,33.8,4.4,2.08,4.11
2012,3.1,Ahmad Bradshaw,RB,FA,34.4,5.6,2.11,5.07
2012,4.03,Jordy Nelson,WR,GB,38.9,4.5,3.03,4.11
2012,4.05,Hakeem Nicks,WR,NYG,40.9,4.6,2.08,4.11
2012,4.06,Reggie Bush,RB,DET,41.7,5.8,3.04,5.04
2012,4.07,BenJarvus Green-Ellis,RB,CIN,42.7,5.7,3.04,5.09
2012,4.08,Percy Harvin,WR,SEA,44.2,4.6,3.07,5.06
2012,4.08,Dez Bryant,WR,DAL,44.4,6.3,2.02,5.07
2012,4.1,Matt Ryan,QB,ATL,46.4,6.1,3.08,5.09
2012,4.11,Antonio Brown,WR,PIT,47.4,6,3.05,6.05
2012,5.02,Marques Colston,WR,NO,49.6,5.1,4.01,5.12
2012,5.05,Eric Decker,WR,DEN,53.5,6.2,4.03,6.08
2012,5.06,Steve Smith,WR,CAR,54.2,5.7,4.04,6.06
2012,5.07,Peyton Hillis,RB,KC,54.7,6.5,4.01,6.07
2012,5.07,Donald Brown,RB,IND,54.9,4.7,4.05,6.07
2012,5.07,Michael Vick,QB,PHI,55.2,10,3.03,7.05
2012,5.09,Eli Manning,QB,NYG,57.3,10.3,3.04,7.12
2012,5.1,Brandon Lloyd,WR,FA,58,7.8,4.02,7.06
2012,5.12,Shonn Greene,RB,TEN,59.6,6.8,4.09,7.03
2012,5.12,Mike Wallace,WR,MIA,60.1,7.4,4.01,7.02
2012,6.05,DeSean Jackson,WR,PHI,64.8,8,4.12,7.08
2012,6.06,Kevin Smith,RB,DET,65.5,6.6,5.06,7.1
2012,6.06,Demaryius Thomas,WR,DEN,65.7,9.3,2.11,7.07
2012,6.07,Peyton Manning,QB,DEN,67.5,12.8,2.12,8.12
2012,6.08,Torrey Smith,WR,BAL,68.1,7.4,5.06,7.12
2012,6.12,Jeremy Maclin,WR,PHI,71.6,6.7,5.08,8.03
2012,6.12,Dwayne Bowe,WR,KC,71.7,9.2,4.06,8.03
2012,6.12,Ryan Williams,RB,ARI,72,8,5.02,8.01
2012,7.01,Tony Romo,QB,DAL,72.9,9.6,4.09,8.08
2012,7.03,Jason Witten,TE,DAL,74.9,13.5,5.04,9.1
2012,7.03,Steve Johnson,WR,None,75.4,7,5.09,8.06
2012,7.07,Vincent Jackson,WR,TB,78.6,9.3,5.04,8.12
2012,7.08,Michael Bush,RB,CHI,79.7,8.7,6.04,9.05
2012,7.1,Fred Davis,TE,WAS,81.7,13.8,5.05,9.11
2012,7.11,Miles Austin,WR,DAL,82.6,11.1,3.02,9.08
2012,7.11,Philip Rivers,QB,LAC,82.7,10.7,5.06,9.07
2012,8.01,C.J. Spiller,RB,None,84.8,9.5,6.01,9.1
2012,8.02,Reggie Wayne,WR,IND,85.6,6.6,6.08,9.02
2012,8.02,Jonathan Stewart,RB,CAR,85.7,9.2,6.07,10.01
2012,8.03,Pierre Garcon,WR,WAS,86.5,7.3,6.09,9.04
2012,8.04,Tony Gonzalez,TE,ATL,87.6,11.7,5.11,10.1
2012,8.06,Kenny Britt,WR,TEN,89.6,7.6,6.04,9.05
2012,8.06,Jay Cutler,QB,CHI,90.3,10.4,6.12,9.12
2012,8.08,Jacquizz Rodgers,RB,ATL,91.7,9.2,6.08,10.04
2012,9.01,Toby Gerhart,RB,MIN,96.8,7.4,7.04,10.05
2012,9.05,Rashard Mendenhall,RB,ARI,101.3,9.8,6.11,11.06
2012,9.06,Robert Griffin III,QB,WAS,101.8,9.7,6.11,10.08
2012,9.06,Greg Olsen,TE,CAR,102,16.2,3.02,11.09
2012,9.1,Jacob Tamme,TE,DEN,105.9,15.5,6.09,13.01
2012,10.03,Nate Washington,WR,TEN,110.8,14.8,7.1,12.09
2012,10.05,Lance Moore,WR,NO,113.2,11.8,8.01,12.05
2012,10.1,Danny Amendola,WR,NE,117.7,14.1,4.11,13.01
2012,10.11,Jonathan Dwyer,RB,PIT,118.9,18.7,7.01,15.1
2012,10.12,Jermaine Gresham,TE,CIN,119.9,13.6,8.01,13.07
2012,10.12,Evan Royster,RB,WAS,120.4,17.2,6.01,13.05
2012,11.04,Robert Turbin,RB,SEA,124.4,12.5,9.04,14.02
2012,11.12,Brandon LaFell,WR,CAR,132.4,20.8,5.02,14.01
2012,12.01,Kyle Rudolph,TE,MIN,132.8,19.5,8.01,14.07
2012,12.09,Josh Freeman,QB,TB,141.1,12.9,10.03,14.12
2012,13.01,Greg Little,WR,CLE,145,12.8,10.05,14.11
2012,13.08,Brent Celek,TE,PHI,152,19.4,9.01,15.12
2012,13.09,Shane Vereen,RB,NE,152.8,17.3,10.03,15.11
2012,14.01,Buffalo Defense,DEF,BUF,156.9,13.8,11.01,15.12
,,,,,,,,
2013,1.01,Adrian Peterson,RB,MIN,1.2,0.6,1.01,1.05
2013,1.03,Jamaal Charles,RB,KC,3.2,1.3,1.01,1.1
2013,1.04,Doug Martin,RB,TB,3.6,1.4,1.01,1.09
2013,1.04,Arian Foster,RB,HOU,3.8,1.8,1.01,1.09
2013,1.06,Calvin Johnson,WR,DET,5.6,2.2,1.01,1.11
2013,1.06,C.J. Spiller,RB,None,6.3,2,1.01,1.11
2013,1.07,Ray Rice,RB,BAL,7.4,2.2,1.02,2.02
2013,1.08,Marshawn Lynch,RB,SEA,7.6,2.4,1.02,2.04
2013,1.08,LeSean McCoy,RB,PHI,8.2,2.3,1.01,2.02
2013,1.08,Trent Richardson,RB,IND,8.3,2.2,1.02,2.02
2013,1.12,Alfred Morris,RB,WAS,12.5,2.2,1.02,2.07
2013,2.01,Matt Forte,RB,CHI,12.7,2.3,1.02,2.09
2013,2.02,Dez Bryant,WR,DAL,13.7,2.5,1.06,2.11
2013,2.02,Jimmy Graham,TE,NO,14.3,3.2,1.06,3.06
2013,2.03,Chris Johnson,RB,NYJ,15.5,2.7,1.06,2.11
2013,2.04,Steven Jackson,RB,ATL,16,2.8,1.06,2.12
2013,2.05,A.J. Green,WR,CIN,17.2,3.1,1.09,3.04
2013,2.05,Reggie Bush,RB,DET,17.5,3,1.08,3.02
2013,2.07,Brandon Marshall,WR,CHI,19.3,3.4,1.06,3.04
2013,2.07,Stevan Ridley,RB,NE,19.4,3.2,2.01,3.07
2013,2.08,Maurice Jones-Drew,RB,OAK,19.7,3,1.12,3.04
2013,2.1,Julio Jones,WR,ATL,22,3.1,2.01,3.06
2013,3.01,David Wilson,RB,NYG,25.1,5.9,1.04,4.04
2013,3.01,Demaryius Thomas,WR,DEN,25.5,3.2,2.05,3.1
2013,3.02,Frank Gore,RB,SF,26.2,4.6,2.02,4.06
2013,3.03,DeMarco Murray,RB,DAL,26.6,4.5,2.05,4.05
2013,3.04,Larry Fitzgerald,WR,ARI,27.9,3.4,2.06,4.02
2013,3.04,Darren Sproles,RB,PHI,28,5.3,1.12,4.08
2013,3.05,Lamar Miller,RB,MIA,28.9,5,2.01,4.05
2013,3.06,Randall Cobb,WR,GB,30.5,3.9,2.01,4.07
2013,3.07,Drew Brees,QB,NO,30.7,8.1,1.01,4.12
2013,3.08,Aaron Rodgers,QB,GB,31.8,7.9,1.03,4.1
2013,3.09,Darren McFadden,RB,OAK,32.6,5.5,2.06,4.11
2013,3.1,Rob Gronkowski,TE,NE,33.7,6.6,2.01,5.01
2013,3.1,Andre Johnson,WR,HOU,34.2,4,2.01,4.1
2013,3.1,Roddy White,WR,ATL,34.4,3.5,2.11,4.09
2013,4.01,Eddie Lacy,RB,GB,37.3,5.2,2.09,5.05
2013,4.03,Victor Cruz,WR,NYG,38.8,4,3.01,5.04
2013,4.05,Vincent Jackson,WR,TB,41,4.6,3.01,5.1
2013,4.06,Peyton Manning,QB,DEN,42.2,7.8,1.04,6.01
2013,4.07,Dwayne Bowe,WR,KC,43.4,4.6,3.06,5.1
2013,4.08,Montee Ball,RB,DEN,43.9,8,3.06,7.02
2013,4.09,Jason Witten,TE,DAL,44.8,6.8,3.06,6.1
2013,4.09,Vernon Davis,TE,SF,45.3,10.1,2.12,7.02
2013,4.1,Danny Amendola,WR,NE,45.7,6,3.01,5.12
2013,4.1,Ryan Mathews,RB,LAC,45.7,7.1,3.02,6.06
2013,4.11,Marques Colston,WR,NO,47.2,5,3.06,6.03
2013,4.11,Wes Welker,WR,DEN,47.4,6.7,3.02,6.02
2013,4.12,Giovani Bernard,RB,CIN,48.1,7.3,3.05,6.12
2013,5.02,Reggie Wayne,WR,IND,50.5,6.1,3.04,6.09
2013,5.04,Chris Ivory,RB,NYJ,52.5,10.1,3.11,7.09
2013,5.05,Ahmad Bradshaw,RB,IND,52.6,8.2,3.1,7.02
2013,5.06,Daryl Richardson,RB,LAR,54.2,7.4,3.04,7.1
2013,5.06,Shane Vereen,RB,NE,54.4,8.3,2.01,7.08
2013,5.08,Tony Gonzalez,TE,ATL,56,9.4,1.04,7.1
2013,5.08,Pierre Garcon,WR,WAS,56.1,6.5,3.01,6.12
2013,5.09,Hakeem Nicks,WR,IND,57.3,6,4.02,7.05
2013,5.09,Tom Brady,QB,NE,57.4,7.5,2.03,7.02
2013,5.1,Cam Newton,QB,CAR,58.3,6.8,4.05,7.04
2013,5.12,Jordy Nelson,WR,GB,59.9,6.3,4.01,7.03
2013,6.01,Matt Ryan,QB,ATL,61.1,7.9,2.12,7.05
2013,6.03,Antonio Brown,WR,PIT,62.8,6.9,4.09,7.09
2013,6.04,Torrey Smith,WR,BAL,63.7,6.2,3.11,7.12
2013,6.05,Rashard Mendenhall,RB,ARI,64.5,7.8,4.05,8.06
2013,6.06,DeAngelo Williams,RB,CAR,65.9,9.5,3.12,8.1
2013,6.07,Eric Decker,WR,NYJ,66.6,6.8,4.09,8.03
2013,6.1,Matthew Stafford,QB,DET,70.4,6.9,4.09,8.11
2013,6.12,DeSean Jackson,WR,WAS,71.7,7.9,4.09,8.07
2013,6.12,Colin Kaepernick,QB,SF,72.1,9.6,4.02,9.11
2013,7.01,Mike Wallace,WR,MIA,73,8.3,4.02,8.11
2013,7.01,Kyle Rudolph,TE,MIN,73.2,18.4,4.1,11.06
2013,7.03,Mark Ingram,RB,NO,75.5,9.8,5.04,9.02
2013,7.04,Steve Smith,WR,BAL,75.6,7.5,4.02,8.12
2013,7.04,BenJarvus Green-Ellis,RB,CIN,75.9,8.7,5.04,9.01
2013,7.06,Jermichael Finley,TE,GB,78.1,11.8,4.12,10.07
2013,7.07,James Jones,WR,OAK,78.5,7.9,5.01,9.01
2013,7.07,Ben Tate,RB,CLE,78.6,8.8,4.12,9.07
2013,7.07,Andrew Luck,QB,IND,78.8,9.1,4.11,9.11
2013,7.07,Ronnie Hillman,RB,DEN,78.8,10.5,5.1,10.08
2013,7.07,Robert Griffin III,QB,WAS,79.3,9.6,4.05,10.01
2013,7.08,Antonio Gates,TE,LAC,80.2,15.3,5.02,11.05
2013,7.09,Tavon Austin,WR,LAR,80.6,8.1,4.12,9.03
2013,7.1,Tony Romo,QB,DAL,81.9,10.2,4.02,10.02
2013,7.11,T.Y. Hilton,WR,IND,83.3,8.8,4.02,9.09
2013,7.12,Cecil Shorts,WR,JAX,83.9,8.2,6.04,9.04
2013,8.02,Anquan Boldin,WR,SF,85.7,8.2,5.07,9.06
2013,8.05,Fred Jackson,RB,None,88.8,9.2,6.09,10.03
2013,8.05,Bryce Brown,RB,PHI,88.9,8.7,6.02,9.12
2013,8.06,Russell Wilson,QB,SEA,89.9,9.9,6.11,10.07
2013,8.07,Miles Austin,WR,FA,90.6,8.3,5.11,10.03
2013,8.08,Bernard Pierce,RB,BAL,91.6,12.1,5.12,11.02
2013,8.08,Danny Woodhead,RB,LAC,91.6,11.4,5.12,11.04
2013,8.08,Greg Jennings,WR,MIN,91.8,8,6.02,11.07
2013,8.09,Jared Cook,TE,LAR,92.8,12.5,4.08,11.08
2013,8.11,Greg Olsen,TE,CAR,95,12.8,6.03,12.06
2013,8.11,Steve Johnson,WR,None,95.3,9,6.09,10.12
2013,8.12,Seattle Defense,DEF,SEA,96.1,9.1,6.09,14.01
2013,8.12,Vick Ballard,RB,IND,96.4,10.6,7.02,11.09
2013,9.02,Josh Gordon,WR,CLE,98.1,11.9,6.03,11.1
2013,9.03,Mike Williams,WR,None,99.5,9.1,6.08,11.03
2014,1.02,LeSean McCoy,RB,PHI,2,1,1.01,1.05
2014,1.03,Jamaal Charles,RB,KC,2.5,1.5,1.01,1.08
2014,1.04,Calvin Johnson,WR,DET,4.1,1.6,1.01,1.09
2014,1.04,Matt Forte,RB,CHI,4.2,1.5,1.01,1.1
2014,1.05,Adrian Peterson,RB,MIN,5.3,2.2,1.01,1.11
2014,1.06,Eddie Lacy,RB,GB,6.2,1.6,1.02,1.11
2014,1.07,Demaryius Thomas,WR,DEN,6.7,1.6,1.01,1.1
2014,1.08,Jimmy Graham,TE,NO,7.8,2.2,1.01,2.06
2014,1.09,Dez Bryant,WR,DAL,9.1,1.9,1.03,2.03
2014,1.1,Montee Ball,RB,DEN,10.4,2.3,1.03,2.08
2014,1.1,Peyton Manning,QB,DEN,10.4,4.1,1.01,2.08
2014,1.11,A.J. Green,WR,CIN,11.5,2.1,1.01,2.05
2014,2.01,Julio Jones,WR,ATL,13.3,2.2,1.04,2.09
2014,2.02,Brandon Marshall,WR,CHI,13.9,2.1,1.08,2.07
2014,2.02,DeMarco Murray,RB,DAL,14.2,2.7,1.07,2.1
2014,2.04,Marshawn Lynch,RB,SEA,15.9,3.2,1.06,2.11
2014,2.05,Giovani Bernard,RB,CIN,16.7,3.1,1.06,2.12
2014,2.06,Jordy Nelson,WR,GB,17.8,2.6,1.11,3.02
2014,2.06,Antonio Brown,WR,PIT,18.4,2.5,2.01,3.02
2014,2.07,Drew Brees,QB,NO,19.1,4,1.04,3.08
2014,2.09,Doug Martin,RB,TB,20.9,3.5,1.01,3.06
2014,2.1,Alshon Jeffery,WR,CHI,21.9,2.5,2.01,3.05
2014,2.1,Aaron Rodgers,QB,GB,22.2,4.2,1.03,3.1
2014,2.11,Andre Ellington,RB,ARI,22.5,3.8,2.01,3.12
2014,3.01,Randall Cobb,WR,GB,25,3,2.07,3.12
2014,3.02,Arian Foster,RB,HOU,25.8,4.7,1.11,3.12
2014,3.02,Julius Thomas,TE,DEN,26.2,4.8,1.04,4.03
2014,3.04,Keenan Allen,WR,LAC,28,3.7,2.04,4.08
2014,3.04,Shane Vereen,RB,NE,28.5,4.2,1.05,4.04
2014,3.06,Rob Gronkowski,TE,NE,29.7,4.6,1.1,4.08
2014,3.06,LeVeon Bell,RB,PIT,30.4,3.5,2.02,4.08
2014,3.09,Zac Stacy,RB,LAR,32.5,3.6,2.05,4.08
2014,3.09,Roddy White,WR,ATL,33.1,4.7,2.06,4.06
2014,3.09,Reggie Bush,RB,DET,33.3,3.6,2.12,5.02
2014,3.1,Alfred Morris,RB,WAS,34.2,4.5,1.05,4.09
2014,3.11,Vincent Jackson,WR,TB,34.7,4.7,3.01,4.1
2014,3.12,Cordarrelle Patterson,WR,MIN,36.2,5.1,3.01,5.02
2014,3.12,Andre Johnson,WR,HOU,36.4,4.5,2.09,4.12
2014,4.02,Rashad Jennings,RB,NYG,38.4,3.7,3.03,5.03
2014,4.04,Pierre Garcon,WR,WAS,40.4,4.4,2.1,5.02
2014,4.04,Emmanuel Sanders,WR,DEN,40.5,4.9,3.01,5.03
2014,4.06,Larry Fitzgerald,WR,ARI,42,4.4,3.01,5.07
2014,4.06,C.J. Spiller,RB,None,42.1,5.4,3.03,5.09
2014,4.07,Toby Gerhart,RB,JAX,42.8,5.5,3.05,5.12
2014,4.08,Victor Cruz,WR,NYG,43.8,4.2,3.02,5.06
2014,4.08,Percy Harvin,WR,SEA,44.2,5.2,2.09,5.12
2014,4.1,Joique Bell,RB,DET,45.9,6.2,3.09,6.01
2014,4.1,Michael Floyd,WR,ARI,46.3,5.6,3.04,6.01
2014,4.12,Julian Edelman,WR,NE,48.3,5.2,3.07,6.07
2014,4.12,Matthew Stafford,QB,DET,48.4,8.2,2.12,7.04
2014,5.02,Michael Crabtree,WR,SF,49.8,5.3,3.05,6.02
2014,5.03,Ryan Mathews,RB,LAC,50.8,6.7,3.08,6.08
2014,5.03,Jordan Cameron,TE,CLE,51,6.9,3.04,6.09
2014,5.05,Ray Rice,RB,BAL,52.6,7,3.09,6.07
2014,5.07,Pierre Thomas,RB,NO,55,5.6,3.12,6.1
2014,5.07,T.Y. Hilton,WR,IND,55.2,6.2,3.08,6.11
2014,5.07,Andrew Luck,QB,IND,55.2,8.5,2.12,7.08
2014,5.08,Frank Gore,RB,SF,56.3,6.1,3.12,7.04
2014,5.08,Torrey Smith,WR,BAL,56.4,5.2,4.09,6.11
2014,5.1,Ben Tate,RB,CLE,58.3,6.2,4.01,7.01
2014,5.12,Chris Johnson,RB,NYJ,60,6.2,4.01,7.1
2014,6.01,Tom Brady,QB,NE,61.4,8.6,1.06,7.11
2014,6.02,DeSean Jackson,WR,WAS,61.7,7.2,4.01,7.1
2014,6.02,Kendall Wright,WR,TEN,61.8,6.5,4.08,7.1
2014,6.03,Vernon Davis,TE,SF,62.8,8.1,3.08,7.09
2014,6.04,Jeremy Maclin,WR,PHI,64.3,7.2,4.1,7.08
2014,6.05,Marques Colston,WR,NO,65.4,6.7,4.08,7.08
2014,6.06,Bishop Sankey,RB,TEN,66.1,7.2,4.04,7.11
2014,6.07,Jason Witten,TE,DAL,66.6,7.1,4.12,8.1
2014,6.08,Matt Ryan,QB,ATL,67.6,7.7,4.02,8.07
2014,6.09,Wes Welker,WR,DEN,69.1,10,4.03,9.06
2014,6.1,Danny Woodhead,RB,LAC,70,8.3,4.02,8.08
2014,7.01,Brandin Cooks,WR,NO,72.8,8.6,4.11,8.11
2014,7.01,Maurice Jones-Drew,RB,OAK,73,7.9,5.05,8.08
2014,7.01,Trent Richardson,RB,IND,73.2,9,4.02,8.09
2014,7.01,Kyle Rudolph,TE,MIN,73.2,9,4.12,9.08
2014,7.01,Golden Tate,WR,DET,73.4,8.6,4.11,9.03
2014,7.02,Nick Foles,QB,PHI,73.9,9.7,4.08,9.02
2014,7.04,Mike Wallace,WR,MIA,76.1,8.3,5.01,8.1
2014,7.06,Darren Sproles,RB,PHI,77.6,9.1,5.01,9.03
2014,7.08,Reggie Wayne,WR,IND,79.9,9,5.01,9.04
2014,7.09,Fred Jackson,RB,None,80.9,8,5.12,8.12
2014,7.09,Jordan Reed,TE,WAS,81.4,10,5.03,11.01
2014,7.1,Jay Cutler,QB,CHI,81.8,8.9,5.08,9.09
2014,7.11,Eric Decker,WR,NYJ,83.3,8.2,5.06,9.05
2014,7.12,Kelvin Benjamin,WR,CAR,83.7,8.5,5.03,9.08
2014,8.02,Tony Romo,QB,DAL,85.5,7.7,5.12,9.12
2014,8.02,Knowshon Moreno,RB,MIA,85.7,10.6,3.11,9.09
2014,8.02,Terrance Williams,WR,DAL,86.4,8.4,6.04,9.11
2014,8.03,Steven Jackson,RB,ATL,86.9,8.1,5.11,9.08
2014,8.04,Lamar Miller,RB,MIA,87.7,8,6.03,9.09
2014,8.04,Greg Olsen,TE,CAR,88.2,10.8,5.08,11.03
2014,8.07,Seattle Defense,DEF,SEA,90.5,8.6,5.08,9.11
2014,8.07,Dennis Pitta,TE,BAL,91.4,10.3,6.08,12.03
2014,8.08,Carlos Hyde,RB,SF,91.5,7.5,6.06,10.05
2014,8.1,Bernard Pierce,RB,BAL,94.5,8.5,7.01,10.04
2014,8.11,Cam Newton,QB,CAR,94.5,10.2,6.06,11.02
2014,8.11,Justin Hunter,WR,TEN,95,8.4,6.06,10.02
2014,8.12,Jeremy Hill,RB,CIN,96.2,8.1,6.01,10.08
2014,9.01,Zach Ertz,TE,PHI,97.5,13.1,6.03,12.01
2015,1.02,Adrian Peterson,RB,MIN,1.8,1,1.01,1.05
2015,1.03,Antonio Brown,WR,PIT,2.5,1.4,1.01,1.08
2015,1.03,LeVeon Bell,RB,PIT,3.1,1.7,1.01,1.08
2015,1.04,Eddie Lacy,RB,GB,4,1.6,1.01,1.1
2015,1.05,Jamaal Charles,RB,KC,4.5,1.6,1.01,1.1
2015,1.06,Julio Jones,WR,ATL,6.2,1.9,1.01,1.12
2015,1.08,Dez Bryant,WR,DAL,7.6,1.7,1.02,2.01
2015,1.09,Marshawn Lynch,RB,SEA,8.6,2.3,1.03,2.05
2015,1.09,Demaryius Thomas,WR,DEN,9.1,1.9,1.03,2.04
2015,1.1,Rob Gronkowski,TE,NE,10.3,3.3,1.01,2.08
2015,1.11,CJ Anderson,RB,DEN,10.7,3,1.03,2.07
2015,1.11,Odell Beckham Jr,WR,NYG,11.4,2.8,1.02,2.07
2015,2.01,Calvin Johnson,WR,DET,13.1,2.4,1.01,2.08
2015,2.02,Matt Forte,RB,CHI,13.7,3.1,1.03,2.1
2015,2.02,Jeremy Hill,RB,CIN,14.4,2.8,1.03,2.11
2015,2.04,Randall Cobb,WR,GB,15.9,2.4,1.09,2.1
2015,2.05,A.J. Green,WR,CIN,16.7,2.5,1.1,2.12
2015,2.05,Andrew Luck,QB,IND,16.9,5.3,1.01,3.06
2015,2.06,DeMarco Murray,RB,PHI,17.6,3.4,1.01,3.07
2015,2.07,Justin Forsett,RB,BAL,19.3,3.2,1.07,3.05
2015,2.09,Brandin Cooks,WR,NO,20.6,2.9,1.1,3.05
2015,2.1,Lamar Miller,RB,MIA,22.3,3,1.12,3.08
2015,2.11,T.Y. Hilton,WR,IND,22.8,2.7,2.01,3.07
2015,2.12,Jordan Matthews,WR,PHI,24.4,2.8,2.02,3.1
2015,2.12,LeSean McCoy,RB,BUF,24.4,4.2,1.12,3.11
2015,3.02,Alshon Jeffery,WR,CHI,26.1,3.1,2.06,4.01
2015,3.03,Aaron Rodgers,QB,GB,27.1,5.4,1.01,4.12
2015,3.04,Frank Gore,RB,IND,27.7,3.4,2.01,4.03
2015,3.05,DeAndre Hopkins,WR,HOU,28.7,3.3,2.06,4.01
2015,3.06,Mike Evans,WR,TB,30,3.4,2.01,4.08
2015,3.07,Mark Ingram,RB,NO,31,3.2,2.09,4.06
2015,3.08,Emmanuel Sanders,WR,DEN,31.9,3.7,2.06,4.07
2015,3.09,Latavius Murray,RB,OAK,33.2,4.1,2.08,4.11
2015,3.09,Jimmy Graham,TE,SEA,33.5,5.1,2.01,4.11
2015,3.11,Davante Adams,WR,GB,34.6,4.3,2.09,5.02
2015,4.01,Jarvis Landry,WR,MIA,36.6,4.4,3.01,5.01
2015,4.01,Arian Foster,RB,HOU,37.5,4.8,3.01,5.04
2015,4.02,Andre Johnson,WR,IND,37.7,4.2,3.02,5.03
2015,4.02,Doug Martin,RB,TB,38,4.8,3.01,6.02
2015,4.03,Jeremy Maclin,WR,KC,38.8,4.8,2.1,5.04
2015,4.05,Amari Cooper,WR,OAK,40.8,4.4,3.01,5.06
2015,4.06,Ameer Abdullah,RB,DET,41.5,6,3.02,6.06
2015,4.06,Julian Edelman,WR,NE,41.9,4.5,2.1,5.07
2015,4.07,Golden Tate,WR,DET,43.5,4.3,2.1,5.09
2015,4.08,Andre Ellington,RB,ARI,43.7,5.7,2.01,5.09
2015,4.09,Carlos Hyde,RB,SF,44.7,5.6,3.05,6.01
2015,4.09,Greg Olsen,TE,CAR,45.1,6.3,2.11,6.04
2015,4.12,Chris Ivory,RB,NYJ,47.6,6.3,3.01,6.02
2015,4.12,Alfred Morris,RB,WAS,48.2,6.9,3.05,6.02
2015,5.01,Keenan Allen,WR,LAC,48.7,5.4,3.03,6.06
2015,5.03,Brandon Marshall,WR,NYJ,50.5,5.6,3.04,6.08
2015,5.03,Travis Kelce,TE,KC,50.6,5.5,3.11,6.07
2015,5.04,Melvin Gordon,RB,LAC,51.8,7.1,3.06,7.08
2015,5.05,Jonathan Stewart,RB,CAR,53,6.1,3.05,7.01
2015,5.06,Allen Robinson,WR,JAX,53.5,6,1.12,6.1
2015,5.07,Peyton Manning,QB,DEN,54.9,9.9,1.03,7.06
2015,5.09,Joseph Randle,RB,DAL,56.6,5.9,3.07,7.02
2015,5.09,Nelson Agholor,WR,PHI,56.6,5.7,4.04,7.02
2015,5.09,Drew Brees,QB,NO,56.8,8.7,3.01,7.05
2015,5.1,C.J. Spiller,RB,NO,57.9,6.4,3.12,7.07
2015,5.12,Todd Gurley,RB,LAR,60.2,6.3,3.1,7.06
2015,5.12,Martellus Bennett,TE,CHI,60.3,6.2,4.06,7.03
2015,6.02,Charles Johnson,WR,MIN,61.6,6.8,4.05,7.1
2015,6.02,Sammy Watkins,WR,None,62.5,6.4,4.06,7.12
2015,6.03,TJ Yeldon,RB,JAX,63.1,6.1,4.02,8.04
2015,6.04,Ben Roethlisberger,QB,PIT,63.8,7.2,3.11,7.11
2015,6.04,John Brown,WR,ARI,64.3,7,4.01,7.12
2015,6.07,Tom Brady,QB,NE,67,9.2,1.1,8.11
2015,6.07,Martavis Bryant,WR,PIT,67.2,7.2,4.02,8.04
2015,6.09,LeGarrette Blount,RB,NE,68.5,7.9,4.07,8.07
2015,6.09,Russell Wilson,QB,SEA,68.7,8,3.11,8.11
2015,6.09,Danny Woodhead,RB,LAC,69,6.8,4.01,8.07
2015,6.1,Vincent Jackson,WR,TB,70.1,7.4,4.04,8.11
2015,6.12,Steve Smith,WR,BAL,72.1,8.3,4.11,8.12
2015,7.02,DeSean Jackson,WR,WAS,74,8.5,3.12,8.11
2015,7.03,Giovani Bernard,RB,CIN,75.5,8.4,4.01,9.01
2015,7.05,Jordan Cameron,TE,MIA,76.9,8.1,5.04,8.11
2015,7.06,Shane Vereen,RB,NYG,77.9,8.3,5.12,9.02
2015,7.06,Matt Ryan,QB,ATL,78.2,7.9,5.03,9.02
2015,7.07,Ryan Mathews,RB,PHI,78.9,9,5.02,9.06
2015,7.09,Joique Bell,RB,DET,80.5,8.7,4.11,9.02
2015,7.09,Tony Romo,QB,DAL,80.8,7.4,5.11,9.05
2015,7.1,Rashad Jennings,RB,NYG,81.7,8.6,5.09,9.07
2015,7.1,Sam Bradford,QB,PHI,82.1,8.1,5.05,9.07
2015,7.12,Jason Witten,TE,DAL,83.7,11.9,5.1,12.06
2015,7.12,Larry Fitzgerald,WR,ARI,84.1,8,5.08,9.08
2015,8.01,Eddie Royal,WR,CHI,84.6,8.8,5.07,10.04
2015,8.01,Darren McFadden,RB,DAL,84.6,9.1,5.05,9.05
2015,8.02,Alfred Blue,RB,HOU,86.4,7.9,5.12,9.07
2015,8.04,Kendall Wright,WR,TEN,88,8.2,6.03,10.09
2015,8.05,Tevin Coleman,RB,ATL,88.9,8.3,5.1,10.03
2015,8.05,Ryan Tannehill,QB,MIA,89.1,8.6,5.08,10.04
2015,8.06,Owen Daniels,TE,DEN,89.7,13.1,5.06,11.12
2015,8.06,Mike Wallace,WR,MIN,89.9,9.5,5.04,10.03
2015,8.07,Victor Cruz,WR,NYG,91.3,10,5.11,10.03
2015,8.1,Markus Wheaton,WR,PIT,94.1,9.5,6.09,10.06
2015,8.11,Matthew Stafford,QB,DET,94.6,9.2,6.06,10.11
2015,8.11,Isaiah Crowell,RB,CLE,95.4,9.5,6.05,10.11
2015,8.12,Tyler Eifert,TE,CIN,95.5,12.3,5.1,11.11
2015,8.12,Devin Funchess,WR,CAR,96.1,10.1,5.02,10.1
2016,1.01,Antonio Brown,WR,PIT,1.2,0.5,1.01,1.04
2016,1.03,Julio Jones,WR,ATL,2.8,0.9,1.01,1.06
2016,1.03,Odell Beckham Jr,WR,NYG,3.4,1.2,1.01,1.1
2016,1.03,David Johnson,RB,ARI,3.4,1.5,1.01,1.07
2016,1.06,Todd Gurley,RB,LAR,6.3,1.8,1.01,1.12
2016,1.06,A.J. Green,WR,CIN,6.4,1.5,1.02,1.12
2016,1.06,DeAndre Hopkins,WR,HOU,6.4,1.5,1.02,1.12
2016,1.08,Ezekiel Elliott,RB,DAL,8.3,2,1.02,2.03
2016,1.09,Allen Robinson,WR,JAX,9.2,1.9,1.04,2.03
2016,1.1,Lamar Miller,RB,HOU,9.8,2.2,1.02,2.05
2016,1.11,Adrian Peterson,RB,MIN,10.7,2.6,1.01,2.07
2016,1.12,LeVeon Bell,RB,PIT,12.3,2.9,1.03,2.08
2016,2.01,Brandon Marshall,WR,NYJ,13,2.5,1.04,2.09
2016,2.02,Keenan Allen,WR,LAC,13.8,2.3,1.06,2.1
2016,2.02,Rob Gronkowski,TE,NE,14.2,3.6,1.04,2.12
2016,2.04,Mike Evans,WR,TB,15.7,2.4,1.05,2.11
2016,2.04,Dez Bryant,WR,DAL,16.4,2.9,1.05,2.12
2016,2.05,Jordy Nelson,WR,GB,17.3,2.9,1.09,3.01
2016,2.07,Devonta Freeman,RB,ATL,19.2,3.4,1.06,3.07
2016,2.07,Jamaal Charles,RB,KC,19.4,3.7,1.12,3.06
2016,2.08,Amari Cooper,WR,OAK,20.1,2.9,1.09,3.04
2016,2.1,LeSean McCoy,RB,BUF,22,3.3,1.12,3.09
2016,2.1,Alshon Jeffery,WR,CHI,22.1,3.5,1.09,3.07
2016,2.11,Brandin Cooks,WR,NO,23.3,3.5,1.09,3.08
2016,2.12,Eddie Lacy,RB,GB,24,3.8,1.1,3.1
2016,3.02,Mark Ingram,RB,NO,25.5,3.8,2.02,3.11
2016,3.03,Jarvis Landry,WR,MIA,26.9,3.8,2.02,4.02
2016,3.04,Sammy Watkins,WR,BUF,28.3,3.4,2.02,4.04
2016,3.05,T.Y. Hilton,WR,IND,29.4,3.3,2.03,4.02
2016,3.06,Demaryius Thomas,WR,DEN,29.7,3.9,2.04,4.07
2016,3.07,Doug Martin,RB,TB,30.8,3.9,2.02,4.08
2016,3.08,Randall Cobb,WR,GB,31.5,3.3,2.09,4.1
2016,3.09,CJ Anderson,RB,DEN,33.2,3.5,2.09,4.09
2016,3.11,Cam Newton,QB,CAR,34.5,7.9,1.02,5.07
2016,3.11,Jordan Reed,TE,WAS,35.1,5.4,2.07,5.09
2016,3.11,Julian Edelman,WR,NE,35.1,3.9,3.01,4.11
2016,3.12,Latavius Murray,RB,OAK,35.8,3.9,2.12,4.11
2016,4.01,Jeremy Maclin,WR,KC,37.3,3.7,3.03,5.05
2016,4.02,Donte Moncrief,WR,IND,38.4,4.3,2.12,5.07
2016,4.03,Aaron Rodgers,QB,GB,38.7,7.4,1.06,5.02
2016,4.03,Kelvin Benjamin,WR,CAR,39.2,5.2,2.12,5.11
2016,4.04,DeMarco Murray,RB,TEN,40.3,4.7,2.11,5.07
2016,4.05,Thomas Rawls,RB,SEA,41,5.1,2.12,5.09
2016,4.07,Matt Forte,RB,NYJ,43.1,5.2,2.08,5.12
2016,4.08,Golden Tate,WR,DET,43.6,5.3,3.03,5.1
2016,4.09,Eric Decker,WR,NYJ,44.9,5.3,3.08,6.04
2016,4.1,Carlos Hyde,RB,SF,45.7,5.4,3.04,6.02
2016,4.11,Jeremy Langford,RB,CHI,47.1,5,3.09,5.11
2016,4.12,Greg Olsen,TE,CAR,48.4,6.7,2.12,6.06
2016,5.01,Doug Baldwin,WR,SEA,48.8,6.6,3.05,6.07
2016,5.01,Jeremy Hill,RB,CIN,49.1,5,3.08,6.02
2016,5.02,Josh Gordon,WR,CLE,49.8,6.1,3.06,6.06
2016,5.04,Michael Floyd,WR,ARI,52.3,6.4,3.12,6.09
2016,5.05,Russell Wilson,QB,SEA,53.2,6.4,3.06,6.09
2016,5.06,Melvin Gordon,RB,LAC,53.7,5.2,4.01,6.1
2016,5.06,Danny Woodhead,RB,LAC,53.7,5.6,4.01,6.11
2016,5.08,Marvin Jones,WR,DET,56.2,5.7,3.12,7.02
2016,5.09,Arian Foster,RB,MIA,57.4,6.1,4.01,7.08
2016,5.1,Giovani Bernard,RB,CIN,57.7,5.8,3.12,7.04
2016,5.1,Andrew Luck,QB,IND,58.3,7.7,2.08,7.06
2016,5.12,Larry Fitzgerald,WR,ARI,60.2,7.2,3.05,7.09
2016,5.12,Ryan Mathews,RB,PHI,60.4,5.4,4.11,7.08
2016,6.01,Drew Brees,QB,NO,61.1,6.8,3.02,7.07
2016,6.03,Jonathan Stewart,RB,CAR,62.8,6.6,3.12,8.02
2016,6.04,Delanie Walker,TE,TEN,64,6.3,4.09,7.11
2016,6.04,Jordan Matthews,WR,PHI,64.2,7.1,4.03,7.12
2016,6.04,Travis Kelce,TE,KC,64.3,7.1,2.07,7.08
2016,6.05,Allen Hurns,WR,JAX,65.5,7.5,4.05,8.07
2016,6.07,Duke Johnson,RB,CLE,66.9,6,4.03,7.12
2016,6.09,Tom Brady,QB,NE,68.5,7.4,4.12,9.11
2016,6.09,DeAngelo Williams,RB,PIT,69.1,7.9,4.07,8.09
2016,6.11,Emmanuel Sanders,WR,DEN,70.6,8.6,4.01,8.1
2016,6.12,Ben Roethlisberger,QB,PIT,72,8.2,4.06,9.05
2016,7.01,Coby Fleener,TE,NO,72.7,7,5.04,8.12
2016,7.01,Tyler Lockett,WR,SEA,73.4,8.3,4.07,9.03
2016,7.02,Frank Gore,RB,IND,73.8,7.6,4.07,8.1
2016,7.03,Rashad Jennings,RB,NYG,74.9,7,5.01,8.1
2016,7.06,John Brown,WR,ARI,78.3,8.7,4.06,9.03
2016,7.06,Matt Jones,RB,WAS,78.4,8,5.03,9.02
2016,7.07,Derrick Henry,RB,TEN,78.5,7.7,5.03,9.04
2016,7.07,Michael Crabtree,WR,OAK,78.6,8,5.06,9.03
2016,7.08,Gary Barnidge,TE,CLE,79.6,8.4,3.06,10.02
2016,7.1,DeSean Jackson,WR,WAS,81.9,8.7,5.07,9.06
2016,7.1,Ameer Abdullah,RB,DET,82.1,7.7,5.04,9.03
2016,7.12,Carson Palmer,QB,ARI,83.8,9.2,5.05,9.12
2016,7.12,Chris Ivory,RB,JAX,84.1,7.8,5.11,9.03
2016,8.01,Sterling Shepard,WR,NYG,84.7,8,6.01,9.07
2016,8.02,Blake Bortles,QB,JAX,86.1,9.7,5.01,10.04
2016,8.03,Charles Sims,RB,TB,87.2,7.5,6.01,9.06
2016,8.04,Zach Ertz,TE,PHI,88.2,11.5,5.06,11.02
2016,8.07,Justin Forsett,RB,BAL,90.7,7.3,5.12,11.03
2016,8.07,James White,RB,NE,90.9,6.8,6.12,9.1
2016,8.08,LeGarrette Blount,RB,NE,91.6,7.2,6.04,9.08
2016,8.08,DeVante Parker,WR,MIA,91.7,8.5,5.1,10.03
2016,8.08,Willie Snead,WR,NO,92.1,9.1,5.02,10.04
2016,8.09,Eli Manning,QB,NYG,93.3,9.5,6.09,10.12
2016,8.1,TJ Yeldon,RB,JAX,93.7,8.3,5.1,10.06
2016,9.01,Philip Rivers,QB,LAC,96.8,9.4,6.07,11.01
2016,9.02,Kevin White,WR,CHI,97.7,8.6,6.08,11.05
2016,9.02,Julius Thomas,TE,JAX,98,14.6,6.06,12.06
2017,1.01,David Johnson,RB,ARI,1.3,0.6,1.01,1.04
2017,1.02,LeVeon Bell,RB,PIT,2.3,0.8,1.01,1.06
2017,1.04,Antonio Brown,WR,PIT,3.7,1,1.01,1.07
2017,1.06,Julio Jones,WR,ATL,5.7,3.2,1.01,2.03
2017,1.06,Ezekiel Elliott,RB,DAL,6.2,2.8,1.01,2.05
2017,1.06,Odell Beckham Jr,WR,NYG,6.4,1.6,1.02,1.12
2017,1.07,Devonta Freeman,RB,ATL,7,1.9,1.03,1.11
2017,1.08,LeSean McCoy,RB,BUF,7.8,2,1.02,2.03
2017,1.08,Mike Evans,WR,TB,7.9,2.2,1.03,2.03
2017,1.1,A.J. Green,WR,CIN,10,2.2,1.05,2.08
2017,1.1,Melvin Gordon,RB,LAC,10.1,2.6,1.01,2.06
2017,1.11,Jordy Nelson,WR,GB,11.4,2.4,1.02,2.08
2017,2.01,Michael Thomas,WR,NO,13.3,2.2,1.05,2.08
2017,2.02,Jay Ajayi,RB,PHI,13.8,2.6,1.05,2.08
2017,2.03,DeMarco Murray,RB,TEN,15.2,2.4,1.07,2.1
2017,2.05,Jordan Howard,RB,CHI,16.8,2.7,1.05,2.12
2017,2.05,Brandin Cooks,WR,NE,17.1,3.2,1.02,3.01
2017,2.06,Rob Gronkowski,TE,NE,18.1,3.3,1.06,3.05
2017,2.07,Kareem Hunt,RB,KC,18.7,3,1.11,3.03
2017,2.07,Todd Gurley,RB,LAR,19.4,2.9,1.08,3.03
2017,2.08,Dez Bryant,WR,DAL,20.5,3.3,1.11,3.06
2017,2.09,Amari Cooper,WR,OAK,21.3,3.2,1.12,3.08
2017,2.1,Doug Baldwin,WR,SEA,22.4,3.1,2.01,3.08
2017,2.11,Christian McCaffrey,RB,CAR,22.9,3.7,2.02,3.08
2017,2.11,Aaron Rodgers,QB,GB,23.4,6.1,1.03,4.04
2017,3.02,Keenan Allen,WR,LAC,25.8,3.3,2.03,3.12
2017,3.03,Leonard Fournette,RB,JAX,27,4,1.05,4.05
2017,3.03,Dalvin Cook,RB,MIN,27.5,3.9,1.12,3.12
2017,3.05,T.Y. Hilton,WR,IND,28.8,3.6,2.07,4.07
2017,3.06,Tom Brady,QB,NE,29.6,5.8,1.06,4.07
2017,3.06,Isaiah Crowell,RB,CLE,29.8,3.8,2.06,4.03
2017,3.06,Terrelle Pryor,WR,WAS,30.2,4.5,2.02,4.05
2017,3.08,DeAndre Hopkins,WR,HOU,31.7,4.5,2.02,4.11
2017,3.09,Ty Montgomery,RB,GB,32.6,4.9,1.03,4.09
2017,3.1,Demaryius Thomas,WR,DEN,34.5,4,2.11,4.09
2017,3.11,Carlos Hyde,RB,SF,35.2,4.5,2.06,4.11
2017,3.11,Lamar Miller,RB,HOU,35.2,4.7,2.08,4.11
2017,3.12,Marshawn Lynch,RB,OAK,36.4,6,2.05,5.03
2017,4.03,Kelvin Benjamin,WR,BUF,38.6,5,2.1,5.03
2017,4.03,Travis Kelce,TE,KC,38.9,5.3,3.01,5.11
2017,4.03,Alshon Jeffery,WR,PHI,39.1,4.1,2.12,5.02
2017,4.05,Martavis Bryant,WR,PIT,40.9,5.1,3.01,5.08
2017,4.06,Drew Brees,QB,NO,41.7,8.7,1.02,5.11
2017,4.06,Joe Mixon,RB,CIN,42.5,4.9,3.04,6.05
2017,4.08,Michael Crabtree,WR,OAK,43.7,4.7,2.11,5.09
2017,4.09,Davante Adams,WR,GB,44.9,4.8,3.02,5.12
2017,4.1,Tyreek Hill,WR,KC,45.5,5.5,2.11,5.11
2017,4.12,Golden Tate,WR,DET,47.8,5.5,3.08,6.03
2017,4.12,Larry Fitzgerald,WR,ARI,48.4,5.1,3.06,5.12
2017,5.01,Bilal Powell,RB,NYJ,48.6,6.4,2.1,6.07
2017,5.01,Doug Martin,RB,TB,49,6.3,2.08,6.09
2017,5.03,CJ Anderson,RB,DEN,51.4,6.1,3.04,6.06
2017,5.03,Greg Olsen,TE,CAR,51.5,5.6,3.07,6.09
2017,5.04,DeVante Parker,WR,MIA,51.9,4.9,3.08,6.05
2017,5.05,Ameer Abdullah,RB,DET,53,6.3,3.06,6.1
2017,5.06,Jordan Reed,TE,WAS,54.1,5.8,3.04,6.09
2017,5.07,Stefon Diggs,WR,MIN,54.8,5.9,3.02,7.04
2017,5.08,Matt Ryan,QB,ATL,56.4,7.8,3.02,7.05
2017,5.09,Allen Robinson,WR,JAX,57,6.4,4.01,6.12
2017,5.1,Jimmy Graham,TE,SEA,57.6,5.1,4.07,6.12
2017,5.1,Mark Ingram,RB,NO,57.6,5.9,4.06,7.07
2017,6.01,Jamison Crowder,WR,WAS,61.2,5.3,4.03,7.07
2017,6.02,Danny Woodhead,RB,BAL,61.7,6.1,4.06,7.03
2017,6.04,Jarvis Landry,WR,MIA,64,6.7,4.06,8.02
2017,6.04,Russell Wilson,QB,SEA,64.3,7.5,4.06,8.02
2017,6.05,Brandon Marshall,WR,NYG,65.2,5.9,4.12,7.07
2017,6.05,Mike Gillislee,RB,NE,65.3,7.2,3.11,8.07
2017,6.06,Pierre Garcon,WR,SF,66.4,6.1,5.01,8.06
2017,6.07,Rob Kelley,RB,WAS,67,7.1,4.1,8.12
2017,6.1,Adrian Peterson,RB,ARI,69.9,7.4,4.06,8.08
2017,6.1,Sammy Watkins,WR,LAR,70,7.1,4.08,8.1
2017,6.1,Tyler Eifert,TE,CIN,70.4,7.6,4.07,9.03
2017,7.01,Zach Ertz,TE,PHI,72.8,7.8,4.07,8.11
2017,7.01,Tevin Coleman,RB,ATL,73.2,7.6,5.03,8.12
2017,7.02,Emmanuel Sanders,WR,DEN,73.9,6.7,5.09,9.01
2017,7.02,Derek Carr,QB,OAK,74.2,7.9,5.05,8.09
2017,7.03,Darren McFadden,RB,DAL,75.3,7.7,5.03,8.09
2017,7.05,Chris Hogan,WR,NE,76.5,7.6,5.07,8.12
2017,7.05,Marcus Mariota,QB,TEN,76.8,6.9,5.04,8.11
2017,7.06,Derrick Henry,RB,TEN,77.9,8.4,5.06,9.02
2017,7.08,Delanie Walker,TE,TEN,79.9,9.8,5.1,10.09
2017,7.1,Jameis Winston,QB,TB,82.4,8,4.12,9.1
2017,7.11,Theo Riddick,RB,DET,83,7.7,6.03,9.09
2017,7.11,Paul Perkins,RB,NYG,83.4,8.4,6.01,9.07
2017,7.11,Jeremy Maclin,WR,BAL,83.4,8.5,4.08,9.08
2017,7.12,Kyle Rudolph,TE,MIN,83.6,8.4,6.04,10.1
2017,7.12,Willie Snead,WR,NO,83.8,9.2,6.05,9.09
2017,8.02,Frank Gore,RB,IND,86.1,8.7,5.08,10.05
2017,8.02,Kirk Cousins,QB,WAS,86.3,8.7,4.04,10.03
2017,8.03,Terrance West,RB,BAL,86.8,7.6,5.1,9.05
2017,8.04,Martellus Bennett,TE,NE,87.6,12.2,5.07,11.05
2017,8.05,Eric Decker,WR,TEN,88.7,8.5,6.02,10.02
2017,8.06,Cam Newton,QB,CAR,89.9,9.2,5.03,10.04
2017,8.06,DeSean Jackson,WR,TB,90.4,9.8,5.08,10.05
2017,8.08,LeGarrette Blount,RB,PHI,91.9,7.7,5.11,9.12
2017,8.08,Randall Cobb,WR,GB,92.2,10.1,6.05,10.03
2017,8.1,Duke Johnson,RB,CLE,94.2,8.1,6.1,10.06
2017,8.11,Tyrell Williams,WR,LAC,95,9,7.02,10.08
2017,8.12,Thomas Rawls,RB,SEA,95.7,9.1,6.11,10.09
2017,8.12,Jacquizz Rodgers,RB,TB,95.9,7.7,7.02,10.09
2018,1.01,Todd Gurley,RB,LAR,1.5,0.7,1.01,1.05
2018,1.03,David Johnson,RB,ARI,2.8,0.9,1.01,1.07
2018,1.03,LeVeon Bell,RB,PIT,3,1.5,1.01,1.08
2018,1.05,Antonio Brown,WR,PIT,4.7,1.3,1.01,1.09
2018,1.05,Ezekiel Elliott,RB,DAL,5.3,2.3,1.01,1.12
2018,1.06,Alvin Kamara,RB,NO,6.1,1.4,1.02,1.11
2018,1.07,Saquon Barkley,RB,NYG,6.5,1.7,1.01,1.12
2018,1.09,DeAndre Hopkins,WR,HOU,8.8,2.1,1.01,2.03
2018,1.09,Melvin Gordon,RB,LAC,9.1,1.8,1.04,2.05
2018,1.09,Leonard Fournette,RB,JAX,9.4,2,1.03,2.05
2018,1.11,Odell Beckham Jr,WR,NYG,11.2,1.9,1.05,2.05
2018,1.11,Kareem Hunt,RB,KC,11.4,2,1.02,2.07
2018,2.01,Christian McCaffrey,RB,CAR,12.7,2.3,1.04,2.08
2018,2.02,Julio Jones,WR,ATL,14.2,2.2,1.04,2.09
2018,2.04,Dalvin Cook,RB,MIN,15.6,2.3,1.08,2.11
2018,2.04,Michael Thomas,WR,NO,16,2,1.09,2.1
2018,2.05,Keenan Allen,WR,LAC,17.2,2.7,1.05,2.12
2018,2.06,Davante Adams,WR,GB,18.2,2.2,1.12,2.12
2018,2.07,Devonta Freeman,RB,ATL,19.1,2.5,1.12,3.02
2018,2.08,Jordan Howard,RB,CHI,20,2.6,2.01,3.04
2018,2.09,Rob Gronkowski,TE,NE,21,3.2,1.05,3.07
2018,2.09,A.J. Green,WR,CIN,21.3,2.1,1.12,3.05
2018,2.11,Joe Mixon,RB,CIN,23.3,3.2,1.1,3.09
2018,2.12,Tyreek Hill,WR,KC,23.7,2.9,2.01,3.08
2018,3.02,Mike Evans,WR,TB,25.5,3,2.03,3.11
2018,3.02,Stefon Diggs,WR,MIN,26,2.7,2.06,3.12
2018,3.03,T.Y. Hilton,WR,IND,27.4,2.7,2.05,3.12
2018,3.04,Travis Kelce,TE,KC,28.5,3.6,2.05,4.04
2018,3.05,Royce Freeman,RB,DEN,29,4.2,1.12,4.11
2018,3.06,LeSean McCoy,RB,BUF,29.9,4.2,2.01,4.09
2018,3.07,Aaron Rodgers,QB,GB,31.4,7,1.01,4.12
2018,3.07,Amari Cooper,WR,DAL,31.4,3.6,2.06,4.07
2018,3.07,Alex Collins,RB,BAL,31.5,3.8,2.04,4.08
2018,3.09,Kenyan Drake,RB,MIA,32.8,4.5,2.04,4.11
2018,3.09,Adam Thielen,WR,MIN,33.5,3.9,2.07,4.08
2018,3.1,Jerick McKinnon,RB,SF,34.3,24.9,2.02,15.08
2018,3.11,Larry Fitzgerald,WR,ARI,34.9,4.5,1.03,4.11
2018,4.02,Doug Baldwin,WR,SEA,37.6,4.3,2.12,4.12
2018,4.02,Lamar Miller,RB,HOU,38,4.3,2.08,5.02
2018,4.03,Zach Ertz,TE,PHI,39.1,4.9,2.01,5.04
2018,4.03,Jarvis Landry,WR,CLE,39.4,4.3,2.1,5.04
2018,4.05,JuJu Smith-Schuster,WR,PIT,41.2,4.4,2.09,6.04
2018,4.06,Chris Hogan,WR,NE,42.1,4,3.02,5.09
2018,4.06,Derrick Henry,RB,TEN,42.1,5.2,2.12,5.1
2018,4.08,Josh Gordon,WR,NE,44.1,4.9,3.01,5.09
2018,4.1,Mark Ingram,RB,NO,45.9,5.8,2.09,6.04
2018,4.1,Deshaun Watson,QB,HOU,46.5,7.1,2.01,5.12
2018,4.11,Jay Ajayi,RB,PHI,46.6,5.9,3.01,6.09
2018,4.11,Golden Tate,WR,PHI,46.7,4.3,3.09,6.03
2018,4.11,Demaryius Thomas,WR,HOU,47,4.5,3.01,5.1
2018,5.01,Marquise Goodwin,WR,SF,48.9,5,2.12,6.03
2018,5.01,Jimmy Graham,TE,GB,49.3,6.5,3.04,6.07
2018,5.02,Tom Brady,QB,NE,50.3,10,1.05,7.06
2018,5.04,Brandin Cooks,WR,LAR,52.5,4.7,4.01,6.1
2018,5.05,Marshawn Lynch,RB,OAK,52.6,5.8,2.12,7.01
2018,5.06,Carlos Hyde,RB,JAX,53.9,5.8,3.08,6.1
2018,5.07,Allen Robinson,WR,CHI,55.2,5.3,3.11,7.01
2018,5.08,Dion Lewis,RB,TEN,55.5,6.2,2.08,7.04
2018,5.09,Greg Olsen,TE,CAR,57.5,6.3,3.05,7.03
2018,5.1,Emmanuel Sanders,WR,DEN,57.6,5.2,4.07,7.05
2018,5.12,Jamaal Williams,RB,GB,59.7,6.7,3.11,7.1
2018,6.01,Russell Wilson,QB,SEA,61,7.6,2.12,8.06
2018,6.01,Corey Davis,WR,TEN,61.1,6.3,4.04,7.1
2018,6.02,Marvin Jones,WR,DET,62.3,6.3,4.04,7.07
2018,6.02,Kerryon Johnson,RB,DET,62.5,6.6,3.07,7.08
2018,6.04,Rex Burkhead,RB,NE,64,6.6,3.09,7.1
2018,6.05,Trey Burton,TE,CHI,64.6,7,4.07,7.11
2018,6.05,Julian Edelman,WR,NE,65.5,6.3,4.02,8.02
2018,6.07,Chris Carson,RB,SEA,66.7,7.3,3.04,8.02
2018,6.07,Drew Brees,QB,NO,66.9,7.1,2.12,8.05
2018,6.09,Peyton Barber,RB,TB,69,7.3,3.01,8.12
2018,6.1,Michael Crabtree,WR,BAL,70.4,6.7,4.02,8.08
2018,6.1,Evan Engram,TE,NYG,70.5,7.7,4.06,8.12
2018,6.11,Cam Newton,QB,CAR,71,8.7,1.01,8.07
2018,7.01,Will Fuller,WR,HOU,73,6.8,5.01,8.12
2018,7.02,Chris Thompson,RB,WAS,74.1,8,4.09,9.03
2018,7.04,Kyle Rudolph,TE,MIN,76.1,7.8,3.01,9.03
2018,7.04,Tevin Coleman,RB,ATL,76.5,7.5,5.05,8.11
2018,7.06,Delanie Walker,TE,TEN,77.6,6.9,5.06,10.11
2018,7.06,Cooper Kupp,WR,LAR,77.8,8.1,5.01,9.02
2018,7.07,Jamison Crowder,WR,WAS,79.5,7.5,5.08,9.04
2018,7.09,Adrian Peterson,RB,WAS,81.1,8.5,2.05,9.05
2018,7.1,Kirk Cousins,QB,MIN,81.7,9.4,2.01,9.12
2018,7.11,Alshon Jeffery,WR,PHI,82.8,8.2,5.01,9.07
2018,7.11,Sony Michel,RB,NE,83.5,7.8,5.04,9.04
2018,8.01,Carson Wentz,QB,PHI,84.5,9.8,5.02,10.03
2018,8.01,Robby Anderson,WR,NYJ,84.8,8.2,6.01,9.09
2018,8.01,Tarik Cohen,RB,CHI,85.2,9.3,3.12,9.07
2018,8.03,Rashaad Penny,RB,SEA,87.1,8.2,4.07,9.06
2018,8.03,Devin Funchess,WR,CAR,87.4,8.5,5.02,9.1
2018,8.04,Andrew Luck,QB,IND,87.6,8.8,6.06,10.07
2018,8.04,Jordan Reed,TE,WAS,88.3,10.6,6.05,12.1
2018,8.06,Isaiah Crowell,RB,NYJ,89.6,7.9,5.06,9.09
2018,8.07,Randall Cobb,WR,GB,90.9,8.9,5.07,10.01
2018,8.09,Nelson Agholor,WR,PHI,92.8,8.9,4.11,10.04
2018,8.1,Duke Johnson,RB,CLE,93.5,8.2,6.06,10.05
2018,8.1,Sammy Watkins,WR,KC,93.8,9.2,3.05,10.07
2018,8.1,Marlon Mack,RB,IND,94.3,7.5,6.01,10.05
2018,8.1,Jacksonville Defense,DEF,JAX,94.5,9.6,3.03,10.02
2018,9.01,Jimmy Garoppolo,QB,SF,96.7,10.9,3.05,11.08
2019,1.01,Saquon Barkley,RB,NYG,1.4,0.6,1.01,1.05
2019,1.03,Alvin Kamara,RB,NO,2.5,0.9,1.01,1.06
2019,1.03,Christian McCaffrey,RB,CAR,3.2,1.2,1.01,1.07
2019,1.04,Ezekiel Elliott,RB,DAL,3.9,1.2,1.01,1.08
2019,1.06,Davante Adams,WR,GB,6.4,1.5,1.01,2.01
2019,1.07,DeAndre Hopkins,WR,HOU,7,2.8,1.01,2.08
2019,1.07,James Conner,RB,PIT,7.1,1.9,1.01,1.12
2019,1.07,David Johnson,RB,ARI,7.1,2,1.03,2.04
2019,1.09,LeVeon Bell,RB,NYJ,8.8,2.2,1.02,2.05
2019,1.1,Julio Jones,WR,ATL,10.2,2.2,1.01,2.04
2019,1.1,Michael Thomas,WR,NO,10.4,2,1.02,2.05
2019,1.12,Nick Chubb,RB,CLE,11.7,2.4,1.03,2.05
2019,2.01,JuJu Smith-Schuster,WR,PIT,12.9,2.3,1.02,2.09
2019,2.02,Tyreek Hill,WR,KC,13.9,2.6,1.01,2.09
2019,2.03,Dalvin Cook,RB,MIN,14.6,2.8,1.05,2.11
2019,2.03,Odell Beckham Jr,WR,CLE,15.1,2.5,1.05,2.09
2019,2.04,Todd Gurley,RB,LAR,16,3.1,1.05,2.12
2019,2.05,Travis Kelce,TE,KC,17.1,3.3,1.04,3.01
2019,2.06,Joe Mixon,RB,CIN,18.4,3.3,1.04,3.03
2019,2.07,Pat Mahomes,QB,KC,19.3,5.7,1.01,3.04
2019,2.08,Mike Evans,WR,TB,20.2,2.3,1.09,3.04
2019,2.09,Antonio Brown,WR,NE,21.4,2.5,2.02,3.05
2019,2.11,Adam Thielen,WR,MIN,22.9,2.5,1.12,3.09
2019,2.11,Leonard Fournette,RB,JAX,23.2,3.5,1.1,3.1
2019,3.01,Keenan Allen,WR,LAC,25,2.7,2.03,3.1
2019,3.01,Damien Williams,RB,KC,25.5,4.2,2.02,4.01
2019,3.02,Chris Carson,RB,SEA,26.5,3.7,1.09,4.01
2019,3.04,George Kittle,TE,SF,28.3,4,2.02,4.03
2019,3.04,Kerryon Johnson,RB,DET,28.5,3.5,2.03,4.02
2019,3.05,Aaron Jones,RB,GB,29.2,3.4,2.01,4.04
2019,3.06,Devonta Freeman,RB,ATL,30.4,3.5,2.05,4.04
2019,3.07,Stefon Diggs,WR,MIN,30.8,3.8,2.03,4.05
2019,3.07,David Montgomery,RB,CHI,31.3,3.9,2.01,4.04
2019,3.09,Josh Jacobs,RB,OAK,33.1,3.6,1.1,4.06
2019,3.09,Amari Cooper,WR,DAL,33.1,4.3,2.03,4.08
2019,3.09,Zach Ertz,TE,PHI,33.5,4.6,2.04,4.11
2019,3.12,Julian Edelman,WR,NE,36.1,4.2,2.03,4.1
2019,4.01,Sony Michel,RB,NE,37.4,3.9,2.06,5.04
2019,4.03,Brandin Cooks,WR,LAR,39.1,3.8,2.12,4.11
2019,4.04,Mark Ingram,RB,BAL,39.7,3.9,2.11,5.03
2019,4.04,Chris Godwin,WR,TB,39.9,3.9,2.11,5.01
2019,4.06,Melvin Gordon,RB,LAC,42,5.2,2.08,5.11
2019,4.06,Robert Woods,WR,LAR,42.2,3.9,2.05,5.07
2019,4.07,Tyler Lockett,WR,SEA,42.9,3.7,2.07,5.06
2019,4.08,Derrick Henry,RB,TEN,43.8,5.1,3.01,5.11
2019,4.09,Cooper Kupp,WR,LAR,45.2,3.7,3.01,5.08
2019,4.11,Marlon Mack,RB,IND,46.5,5.7,3.05,6.01
2019,4.11,Kenny Golladay,WR,DET,47.1,3.8,3.1,6.06
2019,4.11,Deshaun Watson,QB,HOU,47.1,7.1,2.1,6.04
2019,4.12,James White,RB,NE,48.1,6.2,3.08,6.01
2019,5.01,T.Y. Hilton,WR,IND,49,4.5,3.03,5.12
2019,5.04,Tyler Boyd,WR,CIN,51.5,4.2,4.05,6.09
2019,5.04,Duke Johnson,RB,HOU,51.7,5.8,3.08,6.12
2019,5.04,Josh Gordon,WR,SEA,52.1,4.8,2.12,6.07
2019,5.06,Calvin Ridley,WR,ATL,53.5,5.2,4.01,6.08
2019,5.06,O.J. Howard,TE,TB,54.1,5.5,3.12,6.1
2019,5.08,Phillip Lindsay,RB,DEN,55.6,6.2,1.01,7.02
2019,5.08,Aaron Rodgers,QB,GB,55.7,7.6,1.01,6.09
2019,5.09,Evan Engram,TE,NYG,57.3,5.8,3.12,6.11
2019,5.1,Tevin Coleman,RB,SF,57.7,5.8,3.1,7.03
2019,5.11,Miles Sanders,RB,PHI,59,5,3.12,6.11
2019,5.12,Mike Williams,WR,LAC,60.3,5.9,4.09,7.05
2019,6.02,Austin Ekeler,RB,LAC,61.7,6.7,3.08,7.1
2019,6.03,Dede Westbrook,WR,JAX,62.7,6.1,4.06,7.07
2019,6.03,Baker Mayfield,QB,CLE,63.2,9.3,1.01,7.08
2019,6.03,Hunter Henry,TE,LAC,63.3,5.6,4.01,7.12
2019,6.04,A.J. Green,WR,CIN,63.8,6.4,4.01,7.09
2019,6.05,Jarvis Landry,WR,CLE,64.8,6.9,4.02,8.03
2019,6.07,D.J. Moore,WR,CAR,67.2,6.6,4.11,8.03
2019,6.09,Matt Ryan,QB,ATL,69.2,6.9,4.06,7.1
2019,6.1,Derrius Guice,RB,WAS,69.8,7.4,3.04,9.04
2019,6.11,Jared Cook,TE,NO,70.6,6.2,4.04,8.07
2019,6.11,Tarik Cohen,RB,CHI,71,7.6,3.12,9.01
2019,6.12,Alshon Jeffery,WR,PHI,71.9,6.9,4.12,8.1
2019,7.02,Drew Brees,QB,NO,73.9,8,1.03,8.07
2019,7.03,Carson Wentz,QB,PHI,74.6,6.4,4.01,8.06
2019,7.03,Vance McDonald,TE,PIT,75.1,6.9,5.01,8.12
2019,7.04,Robby Anderson,WR,NYJ,75.9,6.3,5.12,8.11
2019,7.04,Latavius Murray,RB,NO,76.4,7.9,4.07,8.1
2019,7.05,Allen Robinson,WR,CHI,76.6,7.5,4.08,8.11
2019,7.09,Emmanuel Sanders,WR,SF,80.6,7.6,4.03,9.03
2019,7.09,Jared Goff,QB,LAR,81.5,6.7,5.01,9.04
2019,7.1,Will Fuller,WR,HOU,81.6,7,5.1,9.03
2019,7.11,Kenyan Drake,RB,ARI,82.9,8,3.1,9.02
2019,7.11,Tony Pollard,RB,DAL,83.3,8.3,5.09,9.03
2019,7.11,David Njoku,TE,CLE,83.5,8.1,5.05,10.09
2019,7.12,Devin Singletary,RB,BUF,83.9,8.6,4.12,9.12
2019,8.01,Matt Breida,RB,SF,84.8,8.1,4.03,9.06
2019,8.02,Darwin Thompson,RB,KC,86,9.3,6.01,9.02
2019,8.04,Curtis Samuel,WR,CAR,88,7,6.02,9.09
2019,8.04,Russell Wilson,QB,SEA,88.4,11,3.05,10.08
2019,8.06,Christian Kirk,WR,ARI,89.9,7.9,6.01,10.03
2019,8.07,LeSean McCoy,RB,KC,90.8,8.9,5.02,10.04
2019,8.08,Sterling Shepard,WR,NYG,92.2,7.8,5.02,9.12
2019,8.08,Chicago Defense,DEF,CHI,92.4,8.7,2.12,10.03
2019,8.09,Darrell Henderson,RB,LAR,93,9.2,6.01,9.12
2019,8.1,Cam Newton,QB,CAR,94.4,9.9,2.12,10.07
2019,8.11,Rashaad Penny,RB,SEA,95.3,7.8,5.03,10.03
2019,8.11,Austin Hooper,TE,ATL,95.4,13.3,5.05,11.11
2019,8.12,Sammy Watkins,WR,KC,96.1,8,6.03,10.05